id,http://underlay.org/ns/source,http://underlay.org/ns/target
1,1,1
2,2,2
3,3,3
4,4,4
5,5,5
6,6,6
7,7,7
8,8,8
9,9,9
10,10,10
11,11,11
12,12,12
13,13,13
14,14,14
15,15,15
16,16,16
17,17,2
18,18,8
19,19,17
20,20,11
21,21,18
22,22,19
23,23,20
24,24,5
25,25,21
26,26,15
27,27,22
28,28,23
29,29,24
30,30,4
31,31,25
32,32,26
33,33,13
34,34,27
35,35,28
36,36,29
37,37,30
38,38,14
39,39,31
40,40,32
41,41,33
42,42,34
43,43,27
44,44,35
45,45,29
46,46,34
47,47,25
48,48,32
49,49,36
50,50,23
51,51,37
52,52,38
53,53,39
54,54,40
55,55,41
56,56,42
57,57,43
58,58,13
59,59,44
60,60,38
61,61,45
62,62,46
63,63,25
64,64,47
65,65,48
66,66,49
67,67,20
68,68,50
69,69,51
70,70,52
71,71,53
72,72,54
73,73,55
74,74,56
75,75,57
76,76,58
77,77,59
78,78,60
79,79,49
80,80,61
81,81,62
82,82,8
83,83,63
84,84,10
85,85,64
86,86,65
87,87,66
88,88,67
89,89,6
90,90,68
91,91,11
92,92,69
93,93,10
94,94,70
95,95,8
96,96,71
97,97,25
98,98,20
99,99,72
100,100,73
101,101,74
102,102,73
103,103,14
104,104,75
105,105,66
106,106,53
107,107,76
108,108,77
109,109,3
110,110,6
111,111,78
112,112,79
113,113,20
114,114,80
115,115,81
116,116,82
117,117,13
118,118,83
119,119,32
120,120,63
121,121,53
122,122,22
123,123,63
124,124,84
125,125,25
126,126,85
127,127,86
128,128,87
129,129,67
130,130,8
131,131,88
132,132,3
133,133,77
134,134,6
135,135,9
136,136,10
137,137,89
138,138,90
139,139,25
140,140,15
141,141,91
142,142,84
143,143,20
144,144,47
145,145,92
146,146,93
147,147,94
148,148,25
149,149,20
150,150,95
151,151,6
152,152,11
153,153,96
154,154,49
155,155,97
156,156,98
157,157,99
158,158,100
159,159,10
160,160,101
161,161,102
162,162,103
163,163,104
164,164,105
165,165,106
166,166,100
167,167,107
168,168,108
169,169,64
170,170,109
171,171,110
172,172,111
173,173,97
174,174,112
175,175,25
176,176,94
177,177,113
178,178,114
179,179,11
180,180,15
181,181,20
182,182,57
183,183,115
184,184,116
185,185,117
186,186,118
187,187,119
188,188,120
189,189,121
190,190,25
191,191,20
192,192,122
193,193,123
194,194,124
195,195,119
196,196,125
197,197,17
198,198,126
199,199,127
200,200,10
201,201,53
202,202,66
203,203,6
204,204,11
205,205,63
206,206,128
207,207,129
208,208,25
209,209,20
210,210,130
211,211,131
212,212,58
213,213,132
214,214,133
215,215,15
216,216,134
217,217,87
218,218,135
219,219,3
220,220,136
221,221,101
222,222,137
223,223,66
224,224,138
225,225,139
226,226,20
227,227,94
228,228,25
229,229,20
230,230,66
231,231,100
232,232,140
233,233,141
234,234,142
235,235,143
236,236,53
237,237,6
238,238,144
239,239,63
240,240,145
241,241,146
242,242,147
243,243,66
244,244,148
245,245,6
246,246,149
247,247,32
248,248,150
249,249,12
250,250,151
251,251,152
252,252,115
253,253,53
254,254,17
255,255,28
256,256,153
257,257,149
